segment,n_control,n_treatment,visit_rate_control,visit_rate_treatment,visit_lift,visit_lift_per_100k,visit_cohen_h,visit_p_raw,conversion_rate_control,conversion_rate_treatment,conversion_lift,conversion_lift_per_100k,conversion_cohen_h,conversion_p_raw,visit_p_bh,conversion_p_bh,visit_sig_bh,conversion_sig_bh,action
Q1 (low f0),3852,21148,0.05114226375908619,0.054000378286362775,0.0028581145272765854,285.81145272765855,0.012807686343905222,0.4686746717186203,0.002336448598130841,0.001796860223188954,-0.0005395883749418869,-53.95883749418869,-0.011907148029449185,0.4770533274952924,0.6161616550555364,0.6360711033270565,False,False,Retest
Q2,3575,21425,0.07608391608391608,0.10744457409568262,0.03136065801176653,3136.065801176653,0.10900853881282313,1.117836445629905e-08,0.0044755244755244755,0.009008168028004667,0.004532643552480191,453.2643552480191,0.05621016629715164,0.00586031534639142,4.47134578251962e-08,0.02344126138556568,True,True,Target
Q3,3756,21244,0.016773162939297124,0.020146864997175672,0.0033737020578785484,337.37020578785484,0.02508914745958185,0.16957194446485935,0.0010649627263045794,0.0005177932592732065,-0.0005471694670313729,-54.71694670313729,-0.019765052929481844,0.20681481539211144,0.3391438889297187,0.4136296307842229,False,False,Retest
Q4 (high f0),3771,21229,0.012728719172633254,0.013754769419190729,0.0010260502465574747,102.60502465574747,0.008977831769407502,0.6161616550555364,0.00026518164942985947,0.00032973762306279144,6.455597363293198e-05,6.455597363293197,0.003749116635379357,0.8381611135968785,0.6161616550555364,0.8381611135968785,False,False,Retest
